{"loss":{"0":0.962336123,"1":0.3646935821,"2":0.2377024442,"3":0.1723033488,"4":0.1335037351,"5":0.1084338054,"6":0.0897108912,"7":0.0791575387,"8":0.0681208372,"9":0.0595488623,"10":0.0569079705,"11":0.0518075824,"12":0.0460984558,"13":0.0439471938,"14":0.0397560894,"15":0.0373584703,"16":0.0366162471,"17":0.0343975015,"18":0.0201978106,"19":0.0161488913,"20":0.015154806,"21":0.0141459648,"22":0.014142409,"23":0.0130874347,"24":0.0127838459,"25":0.0123826414,"26":0.0124578001,"27":0.0122893136,"28":0.0121226171,"29":0.011619105,"30":0.0115047442,"31":0.0109529216,"32":0.0109535968},"accuracy":{"0":0.6963217258,"1":0.8779810071,"2":0.9200687408,"3":0.9414914846,"4":0.9548302293,"5":0.9630153775,"6":0.9692400694,"7":0.9733528495,"8":0.9772332311,"9":0.9803254008,"10":0.9806588292,"11":0.9828011394,"12":0.9846907854,"13":0.9860751629,"14":0.9869745374,"15":0.9875000119,"16":0.9880861044,"17":0.9889248013,"18":0.9935327172,"19":0.9948868155,"20":0.995452702,"21":0.9956346154,"22":0.9956144094,"23":0.996139884,"24":0.9960489273,"25":0.9962105751,"26":0.9962207079,"27":0.9961095452,"28":0.9961095452,"29":0.9963924885,"30":0.9965744019,"31":0.9966754317,"32":0.9965541363},"val_loss":{"0":0.4599882662,"1":0.2619572878,"2":0.2349618822,"3":0.1923181862,"4":0.2088195086,"5":0.1819250435,"6":0.2254974544,"7":0.1697435826,"8":0.1616892964,"9":0.1524452716,"10":0.1438656598,"11":0.150931567,"12":0.1541218609,"13":0.152511552,"14":0.1460021138,"15":0.1545527428,"16":0.1980192363,"17":0.1796945035,"18":0.1123667583,"19":0.1134947911,"20":0.1138587594,"21":0.1130544543,"22":0.1112297103,"23":0.1144584566,"24":0.1151700467,"25":0.1144621968,"26":0.1161918417,"27":0.1187987477,"28":0.1185247004,"29":0.1163172424,"30":0.1220950857,"31":0.117667675,"32":0.1175327376},"val_accuracy":{"0":0.8448953032,"1":0.9102994204,"2":0.9212614298,"3":0.9357820749,"4":0.932837069,"5":0.9403223395,"6":0.9301374555,"7":0.9461305737,"8":0.951816082,"9":0.9556609988,"10":0.9578288794,"11":0.9578697681,"12":0.9567653537,"13":0.9582787752,"14":0.9613056183,"15":0.9565199614,"16":0.9485847354,"17":0.951816082,"18":0.9698544145,"19":0.969936192,"20":0.9693635702,"21":0.9703451991,"22":0.9716950059,"23":0.9708360434,"24":0.9707542658,"25":0.9716541171,"26":0.9713677764,"27":0.970590651,"28":0.9709178805,"29":0.9721040726,"30":0.9704679251,"31":0.9723903537,"32":0.9724721909},"lr":{"0":0.0001,"1":0.0001,"2":0.0001,"3":0.0001,"4":0.0001,"5":0.0001,"6":0.0001,"7":0.0001,"8":0.0001,"9":0.0001,"10":0.0001,"11":0.0001,"12":0.0001,"13":0.0001,"14":0.0001,"15":0.0001,"16":0.0001,"17":0.0001,"18":0.00001,"19":0.00001,"20":0.00001,"21":0.00001,"22":0.00001,"23":0.00001,"24":0.00001,"25":0.00001,"26":0.00001,"27":0.00001,"28":0.00001,"29":0.00001,"30":0.00001,"31":0.00001,"32":0.00001}}